"","ID","sexage","events2019-celanoc","events2020-celanoc","events2021-celanoc","events2019","events2020","events2021","events","events-celanoc","minutes2019","minutes2020","minutes2021","minutes","inter2019","inter2020","inter2021","interactions","years","days2019","days2020","days2021","days","interactions_relative","activity_relative","interactions2s","interactions5s","interactions10s","index1","index2"
"1","ID001","FAY",609,NA,NA,232,NA,NA,232,609,2.5,NA,NA,NA,231,NA,NA,231,1,35,NA,NA,35,6.6,17.4,35,113,231,2.03508771929825,-3.12555935870081
"2","ID002","FAO",341,23,124,216,15,91,322,488,44,6.27,27.28,NA,106,3,145,254,3,42,8,22,72,3.52777777777778,6.77777777777778,44,114,254,2.8,-1.5957347972973
"3","ID003","FAO",NA,381,NA,NA,285,NA,285,381,NA,92.49,NA,NA,NA,267,NA,267,1,NA,40,NA,40,6.675,9.525,40,118,267,2.39495798319328,-2.40581883091074
"4","ID004","FAO",191,136,NA,129,118,NA,247,327,23.9,138.05,NA,NA,42,51,NA,93,2,44,13,NA,57,1.63157894736842,5.73684210526316,20,42,93,5.74418604651163,4.29263729572596
"5","ID005","FAO",241,NA,NA,178,NA,NA,178,241,110.3,NA,NA,NA,36,NA,NA,36,1,38,NA,NA,38,0.947368421052632,6.3421052631579,7,20,36,8.47619047619048,9.75664615508365
"6","ID006","FAO",384,NA,NA,275,NA,NA,275,384,65,NA,NA,NA,50,NA,NA,50,1,42,NA,NA,42,1.19047619047619,9.14285714285714,11,24,50,11,14.8042652027027
"7","ID007","FAO",18,NA,NA,14,NA,NA,14,18,1.4,NA,NA,NA,0,NA,NA,0,1,3,NA,NA,3,0,6,0,0,0,14,20.8042652027027
"8","ID008","FAO",NA,3,26,NA,3,22,25,29,NA,0.02,28.73,NA,NA,1,2,3,2,NA,3,4,7,0.428571428571429,4.14285714285714,0,0,3,25,42.8042652027027
"9","ID009","FAO",NA,30,73,NA,27,58,85,103,NA,28,46.9,NA,NA,27,64,91,2,NA,9,21,30,3.03333333333333,3.43333333333333,18,53,91,1.57407407407407,-4.04758664914915
"10","ID010","FAY",475,NA,NA,164,NA,NA,164,475,17.9,NA,NA,NA,112,NA,NA,112,1,24,NA,NA,24,4.66666666666667,19.7916666666667,20,53,112,3.03703703703704,-1.12166072322322
"11","ID011","FAY",30,NA,NA,20,NA,NA,20,30,68.2,NA,NA,NA,3,NA,NA,3,1,4,NA,NA,4,0.75,7.5,0,0,3,20,32.8042652027027
"12","ID012","FAO",24,99,NA,24,85,NA,109,123,34.5,106.22,NA,NA,0,31,NA,31,2,2,5,NA,7,4.42857142857143,17.5714285714286,3,13,31,7.78571428571429,8.37569377413128
"13","ID013","FAO",130,128,141,111,106,126,343,399,70.1,104.41,67.39,NA,50,39,53,142,3,29,22,43,94,1.51063829787234,4.24468085106383,22,71,142,4.76388888888889,2.33204298048048
"14","ID014","FAO",3,75,5,3,65,5,73,83,2.6,47.75,0.18,NA,2,3,8,13,3,1,10,3,14,0.928571428571429,5.92857142857143,2,8,13,8.11111111111111,9.02648742492492
"15","ID015","FAY",69,31,20,52,24,15,91,120,75.6,214.63,0.47,NA,14,19,15,48,3,26,1,8,35,1.37142857142857,3.42857142857143,11,23,48,3.79166666666667,0.387598536036036
"16","ID016","FAY",753,NA,NA,536,NA,NA,536,753,83.2,NA,NA,NA,177,NA,NA,177,1,45,NA,NA,45,3.93333333333333,16.7333333333333,30,68,177,7.76811594202899,8.34049708676067
"17","ID017","FAY",97,14,3,86,13,3,102,114,78.5,130.32,0.48,NA,51,10,0,61,3,33,4,2,39,1.56410256410256,2.92307692307692,15,32,61,3.09090909090909,-1.01391661547912
"18","ID018","FAO",NA,22,19,NA,17,14,31,41,NA,49.24,5.32,NA,NA,3,18,21,2,NA,7,8,15,1.4,2.73333333333333,4,11,21,2.58333333333333,-2.02906813063063
"19","ID019","FAO",87,9,101,72,7,72,151,197,3.7,0.02,15.65,NA,99,1,64,164,3,14,7,44,65,2.52307692307692,3.03076923076923,27,74,164,2.01333333333333,-3.16906813063063
"20","ID020","FAO",NA,122,391,NA,41,281,322,513,NA,4.94,56.65,NA,NA,44,104,148,2,NA,7,51,58,2.55172413793103,8.8448275862069,28,64,148,4.95384615384615,2.71195751039501
"21","ID021","FAO",604,NA,NA,351,NA,NA,351,604,119.8,NA,NA,NA,53,NA,NA,53,1,19,NA,NA,19,2.78947368421053,31.7894736842105,13,22,53,15.2608695652174,23.3260043331375
"22","ID022","FAO",30,NA,NA,16,NA,NA,16,30,0.4,NA,NA,NA,3,NA,NA,3,1,5,NA,NA,5,0.6,6,1,1,3,8,8.8042652027027
"23","ID023","FAO",5,NA,NA,5,NA,NA,5,5,2.3,NA,NA,NA,0,NA,NA,0,1,1,NA,NA,1,0,5,0,0,0,5,2.8042652027027
"24","ID024","FAO",NA,1,6,NA,1,3,4,7,NA,0.02,0.02,NA,NA,0,3,3,2,NA,1,3,4,0.75,1.75,0,1,3,2,-3.1957347972973
"25","ID026","FAY",96,NA,NA,76,NA,NA,76,96,29.6,NA,NA,NA,10,NA,NA,10,1,6,NA,NA,6,1.66666666666667,16,1,1,10,38,68.8042652027027
"26","ID027","FAO",NA,285,96,NA,233,74,307,381,NA,64.9,13.71,NA,NA,83,41,124,2,NA,24,32,56,2.21428571428571,6.80357142857143,19,55,124,5.48214285714286,3.76855091698842
"27","ID029","FAY",282,NA,NA,161,NA,NA,161,282,22.4,NA,NA,NA,138,NA,NA,138,1,37,NA,NA,37,3.72972972972973,7.62162162162162,25,61,138,2.59677419354839,-2.00218641020052
"28","ID030","FAO",NA,182,58,NA,121,39,160,240,NA,41.05,2.34,NA,NA,88,79,167,2,NA,34,21,55,3.03636363636364,4.36363636363636,34,91,167,1.73913043478261,-3.71747392773208
"29","ID031","FAY",69,NA,NA,46,NA,NA,46,69,62.6,NA,NA,NA,27,NA,NA,27,1,13,NA,NA,13,2.07692307692308,5.30769230769231,4,11,27,3.83333333333333,0.47093186936937
"30","ID032","FAY",137,376,NA,83,195,NA,278,513,44,78.14,NA,NA,35,174,NA,209,2,17,28,NA,45,4.64444444444445,11.4,45,109,209,2.52727272727273,-2.14118934275184
"31","ID033","FAO",NA,58,132,NA,49,119,168,190,NA,25.39,67.25,NA,NA,147,81,228,2,NA,18,41,59,3.86440677966102,3.22033898305085,47,114,228,1.46086956521739,-4.27399566686252
"32","ID034","FAY",287,NA,NA,246,NA,NA,246,287,19.6,NA,NA,NA,216,NA,NA,216,1,31,NA,NA,31,6.96774193548387,9.25806451612903,41,100,216,2.43564356435644,-2.32444766858443
"33","ID035","FAY",72,NA,NA,61,NA,NA,61,72,49.2,NA,NA,NA,10,NA,NA,10,1,23,NA,NA,23,0.434782608695652,3.1304347826087,2,6,10,8.71428571428571,10.2328366312741
"34","ID036","FAO",16,NA,NA,14,NA,NA,14,16,58.1,NA,NA,NA,0,NA,NA,0,1,3,NA,NA,3,0,5.33333333333333,0,0,0,14,20.8042652027027
"35","ID037","FAO",161,169,80,84,130,64,278,410,35.8,30.03,5.36,NA,91,94,104,289,3,16,25,21,62,4.66129032258065,6.61290322580645,56,147,289,1.87837837837838,-3.43897804054054
"36","ID038","FAO",NA,136,184,NA,86,147,233,320,NA,92.72,82.85,NA,NA,31,89,120,2,NA,24,54,78,1.53846153846154,4.1025641025641,27,65,120,3.53030303030303,-0.135128736691237
"37","ID039","FAO",NA,149,NA,NA,121,NA,121,149,NA,42.34,NA,NA,NA,59,NA,59,1,NA,20,NA,20,2.95,7.45,8,27,59,4.32142857142857,1.44712234555985
"38","ID040","FAO",777,378,NA,329,286,NA,615,1155,121.4,94.31,NA,NA,119,211,NA,330,2,39,35,NA,74,4.45945945945946,15.6081081081081,41,145,330,4.21232876712329,1.22892273694928
"39","ID041","FAY",273,NA,NA,231,NA,NA,231,273,82,NA,NA,NA,64,NA,NA,64,1,38,NA,NA,38,1.68421052631579,7.18421052631579,17,28,64,7.96551724137931,8.73529968546132
"40","ID042","FAO",241,4,11,177,3,10,190,256,127.2,0.02,0.17,NA,63,0,4,67,3,50,3,8,61,1.09836065573771,4.19672131147541,14,36,67,5.13513513513514,3.07453547297297
"41","ID044","FAO",220,74,78,169,55,59,283,372,67.7,18.29,32.11,NA,56,23,50,129,3,43,17,37,97,1.32989690721649,3.83505154639175,20,59,129,4.71666666666667,2.23759853603604
"42","ID045","FAO",95,206,174,72,176,133,381,475,5.7,70.62,46.74,NA,34,112,113,259,3,16,30,28,74,3.5,6.41891891891892,55,124,259,3.048,-1.0997347972973
"43","ID046","FAY",580,126,227,127,102,190,419,933,5.7,34.35,81.18,NA,132,73,179,384,3,19,23,44,86,4.46511627906977,10.8488372093023,65,174,384,2.39428571428571,-2.40716336872587
"44","ID047","FAO",NA,252,202,NA,193,174,367,454,NA,63.37,62.58,NA,NA,169,84,253,2,NA,26,51,77,3.28571428571429,5.8961038961039,43,116,253,3.13675213675214,-0.922230523793024
"45","ID048","FAO",31,24,NA,11,23,NA,34,55,0.5,6.15,NA,NA,0,12,NA,12,2,9,4,NA,13,0.923076923076923,4.23076923076923,2,7,12,4.25,1.3042652027027
"46","ID049","FAY",166,NA,NA,133,NA,NA,133,166,2.7,NA,NA,NA,111,NA,NA,111,1,34,NA,NA,34,3.26470588235294,4.88235294117647,13,57,111,2.29310344827586,-2.60952790074557
"47","ID050","FAO",77,9,28,56,7,25,88,114,12.3,0.74,28.65,NA,23,2,21,46,3,16,2,11,29,1.58620689655172,3.93103448275862,8,18,46,4.63157894736842,2.06742309743954
"48","ID051","FAY",240,NA,NA,206,NA,NA,206,240,71.3,NA,NA,NA,76,NA,NA,76,1,39,NA,NA,39,1.94871794871795,6.15384615384615,12,35,76,5.72222222222222,4.24870964714715
"49","ID052","FAO",35,NA,NA,1,NA,NA,1,35,0,NA,NA,NA,0,NA,NA,0,1,1,NA,NA,1,0,35,0,0,0,1,-5.1957347972973
"50","ID054","FAY",89,NA,NA,59,NA,NA,59,89,52.6,NA,NA,NA,54,NA,NA,54,1,10,NA,NA,10,5.4,8.9,10,31,54,1.84375,-3.5082347972973
"51","ID055","FAO",NA,18,13,NA,12,12,24,31,NA,3.29,1.71,NA,NA,39,5,44,2,NA,5,8,13,3.38461538461538,2.38461538461538,7,15,44,1.5,-4.1957347972973
"52","ID056","FAO",340,NA,NA,242,NA,NA,242,340,94,NA,NA,NA,34,NA,NA,34,1,30,NA,NA,30,1.13333333333333,11.3333333333333,6,18,34,12.7368421052632,18.277949413229
"53","ID057","FAO",75,9,1,54,5,1,60,85,56.4,0.43,0.02,NA,9,0,0,9,3,18,2,1,21,0.428571428571429,4.04761904761905,1,2,9,20,32.8042652027027
"54","ID058","FAO",NA,20,1560,NA,18,62,80,1580,NA,67.82,19.65,NA,NA,16,12,28,2,NA,3,22,25,1.12,63.2,4,9,28,8,8.8042652027027
"55","ID060","FAY",219,NA,NA,131,NA,NA,131,219,45,NA,NA,NA,55,NA,NA,55,1,14,NA,NA,14,3.92857142857143,15.6428571428571,12,22,55,5.69565217391304,4.19556955052879
"56","ID061","FAO",40,NA,NA,14,NA,NA,14,40,38.6,NA,NA,NA,7,NA,NA,7,1,4,NA,NA,4,1.75,10,1,3,7,3.5,-0.195734797297297
"57","ID062","FAY",99,NA,NA,59,NA,NA,59,99,20.8,NA,NA,NA,43,NA,NA,43,1,15,NA,NA,15,2.86666666666667,6.6,6,19,43,2.95,-1.2957347972973
"58","ID063","FAO",262,27,65,182,14,38,234,354,111.2,0.58,25.2,NA,54,26,17,97,3,48,6,23,77,1.25974025974026,4.5974025974026,16,44,97,5.2,3.2042652027027
"59","ID064","FAO",217,91,180,154,70,138,362,488,95.5,42.6,48.1,NA,41,23,59,123,3,41,24,55,120,1.025,4.06666666666667,26,65,123,5.48484848484848,3.77396217239967
"60","ID065","FAO",10,NA,NA,8,NA,NA,8,10,0.9,NA,NA,NA,1,NA,NA,1,1,1,NA,NA,1,1,10,0,0,1,8,8.8042652027027
"61","ID066","FAY",59,NA,NA,41,NA,NA,41,59,93.7,NA,NA,NA,9,NA,NA,9,1,11,NA,NA,11,0.818181818181818,5.36363636363636,1,4,9,8.2,9.2042652027027
"62","ID067","FAY",9,NA,NA,6,NA,NA,6,9,0.5,NA,NA,NA,0,NA,NA,0,1,2,NA,NA,2,0,4.5,0,0,0,6,4.8042652027027
"63","ID069","FAY",3,NA,NA,3,NA,NA,3,3,0.7,NA,NA,NA,0,NA,NA,0,1,1,NA,NA,1,0,3,0,0,0,3,-1.1957347972973
"64","ID070","FAY",45,NA,NA,40,NA,NA,40,45,19.2,NA,NA,NA,38,NA,NA,38,1,13,NA,NA,13,2.92307692307692,3.46153846153846,5,16,38,2.35294117647059,-2.48985244435612
"65","ID071","FAO",73,56,28,61,41,24,126,157,58.2,52.55,38.14,NA,38,13,9,60,3,34,14,9,57,1.05263157894737,2.75438596491228,14,25,60,4.84615384615385,2.49657289501039
"66","ID072","FAO",82,NA,NA,46,NA,NA,46,82,1.3,NA,NA,NA,23,NA,NA,23,1,21,NA,NA,21,1.0952380952381,3.9047619047619,4,12,23,3.53846153846154,-0.118811720374221
"67","ID073","FAO",326,NA,NA,155,NA,NA,155,326,41.7,NA,NA,NA,64,NA,NA,64,1,33,NA,NA,33,1.93939393939394,9.87878787878788,12,33,64,4.55882352941176,1.92191226152623
"68","ID074","FAO",NA,223,387,NA,169,273,442,610,NA,63.91,75.63,NA,NA,167,143,310,2,NA,22,54,76,4.07894736842105,8.02631578947369,69,165,310,2.66265060240964,-1.87043359247802
"69","ID081","FAY",168,NA,NA,134,NA,NA,134,168,47.9,NA,NA,NA,75,NA,NA,75,1,32,NA,NA,32,2.34375,5.25,15,40,75,3.26829268292683,-0.659149431443639
"70","ID082","FAO",231,309,66,181,145,47,373,606,77,42.88,52.83,NA,115,7,24,146,3,37,7,29,73,2,8.3013698630137,19,64,146,5.73846153846154,4.28118827962578
"71","ID083","FAO",82,NA,NA,49,NA,NA,49,82,22.2,NA,NA,NA,11,NA,NA,11,1,26,NA,NA,26,0.423076923076923,3.15384615384615,3,6,11,7,6.8042652027027
"72","ID084","FAY",196,NA,NA,143,NA,NA,143,196,67.7,NA,NA,NA,49,NA,NA,49,1,40,NA,NA,40,1.225,4.9,7,25,49,5.5,3.8042652027027
"73","ID085","FAO",197,NA,24,163,NA,13,176,221,75.2,NA,62.73,NA,21,NA,12,33,2,18,NA,8,26,1.26923076923077,8.5,5,13,33,12.5714285714286,17.9471223455598
"74","ID086","FAO",158,NA,13,122,NA,12,134,171,125.3,NA,5.53,NA,31,NA,40,71,2,20,NA,1,21,3.38095238095238,8.14285714285714,18,37,71,3.52631578947368,-0.143103218349929
"75","ID087","FAO",180,NA,3,158,NA,2,160,183,145.4,NA,0.2,NA,39,NA,0,39,2,19,NA,1,20,1.95,9.15,12,26,39,5.92592592592593,4.65611705455455
"76","ID088","FAO",209,65,274,174,41,194,409,548,49.9,50.15,50.58,NA,29,28,113,170,3,21,13,53,87,1.95402298850575,6.29885057471264,40,93,170,4.35106382978723,1.50639286227717
"77","ID089","FAY",97,NA,NA,76,NA,NA,76,97,76.1,NA,NA,NA,29,NA,NA,29,1,24,NA,NA,24,1.20833333333333,4.04166666666667,2,6,29,10.8571428571429,14.5185509169884
"78","ID092","FAO",114,72,127,96,54,105,255,313,9.1,51.54,79.93,NA,14,38,60,112,3,16,16,50,82,1.36585365853659,3.81707317073171,26,55,112,4.55357142857143,1.91140805984556
"79","ID093","FAO",239,57,61,174,48,43,265,357,40.9,14.98,3.25,NA,31,31,73,135,3,25,5,15,45,3,7.93333333333333,24,53,135,4.90740740740741,2.61908001751752
"80","ID094","FAY",182,130,72,165,108,54,327,384,56.7,27.59,34.18,NA,36,85,40,161,3,17,4,37,58,2.77586206896552,6.62068965517241,38,79,161,4.0875,0.979265202702703
"81","ID095","FAO",177,248,80,134,174,68,376,505,138.7,125.39,126.62,NA,42,60,9,111,3,29,27,34,90,1.23333333333333,5.61111111111111,14,46,111,8,8.8042652027027
"82","ID096","FAO",622,NA,NA,125,NA,NA,125,622,51.3,NA,NA,NA,39,NA,NA,39,1,29,NA,NA,29,1.3448275862069,21.448275862069,2,17,39,6.94444444444444,6.69315409159159
"83","ID097","FAO",81,NA,NA,67,NA,NA,67,81,47.4,NA,NA,NA,18,NA,NA,18,1,14,NA,NA,14,1.28571428571429,5.78571428571429,3,8,18,7.44444444444444,7.69315409159159
"84","ID098","FAO",239,36,NA,189,31,NA,220,275,103,34.93,NA,NA,35,109,NA,144,2,30,8,NA,38,3.78947368421053,7.23684210526316,23,60,144,3.60655737704918,0.0173799568010633
"85","ID099","FAY",274,NA,NA,214,NA,NA,214,274,131.4,NA,NA,NA,57,NA,NA,57,1,23,NA,NA,23,2.47826086956522,11.9130434782609,13,28,57,7.37931034482759,7.56288589235788
"86","ID100","FAO",144,74,26,124,66,17,207,244,76.3,75.16,2.25,NA,35,32,13,80,3,26,15,11,52,1.53846153846154,4.69230769230769,12,37,80,5.44736842105263,3.69900204480797
"87","ID102","FAO",103,428,90,82,269,69,420,621,41.4,85.65,4.26,NA,21,105,57,183,3,17,19,24,60,3.05,10.35,31,66,183,6.26865671641791,5.34157863553852
"88","ID103","FAO",NA,131,175,206,116,145,467,306,NA,46.35,8.06,NA,NA,165,142,307,2,NA,20,48,68,4.51470588235294,4.5,49,145,307,3.1986301369863,-0.798474523324694
"89","ID104","FAO",144,142,294,120,116,264,500,580,88.5,74.75,112.1,NA,31,59,32,122,3,24,16,36,76,1.60526315789474,7.63157894736842,19,48,122,10.2040816326531,13.2124284680088
"90","ID105","FAY",296,NA,NA,164,NA,NA,164,296,80.8,NA,NA,NA,35,NA,NA,35,1,29,NA,NA,29,1.20689655172414,10.2068965517241,6,17,35,9.11111111111111,11.0264874249249
"91","ID106","FAO",92,NA,11,66,NA,10,76,103,35.3,NA,10.7,NA,28,NA,10,38,2,26,NA,5,31,1.2258064516129,3.32258064516129,7,16,38,4.47058823529412,1.74544167329094
"92","ID107","FAY",281,NA,NA,255,NA,NA,255,281,84.1,NA,NA,NA,65,NA,NA,65,1,33,NA,NA,33,1.96969696969697,8.51515151515152,13,34,65,7.28571428571429,7.37569377413127
"93","ID109","FAY",60,NA,NA,47,NA,NA,47,60,2,NA,NA,NA,20,NA,NA,20,1,17,NA,NA,17,1.17647058823529,3.52941176470588,6,12,20,3.61538461538462,0.0350344334719335
"94","ID110","FAO",68,739,NA,42,481,NA,523,807,85.4,120.63,NA,NA,33,205,NA,238,2,13,25,NA,38,6.26315789473684,21.2368421052632,35,112,238,4.6283185840708,2.0609023708443
"95","ID111","FAO",151,NA,NA,72,NA,NA,72,151,4.4,NA,NA,NA,56,NA,NA,56,1,36,NA,NA,36,1.55555555555556,4.19444444444444,5,26,56,2.66666666666667,-1.86240146396396
"96","ID112","FAO",36,67,76,29,53,62,144,179,53.6,44.4,18.61,NA,8,66,49,123,3,13,17,23,53,2.32075471698113,3.37735849056604,21,51,123,2.76923076923077,-1.65727325883576
"97","ID113","FAO",NA,9,32,NA,9,25,34,41,NA,75.03,8.11,NA,NA,1,9,10,2,NA,1,13,14,0.714285714285714,2.92857142857143,2,6,10,4.85714285714286,2.51855091698842
"98","ID114","FAO",134,144,17,104,71,12,187,295,51.5,8.81,23.24,NA,28,17,1,46,3,22,17,8,47,0.978723404255319,6.27659574468085,4,18,46,9.8421052631579,12.4884757290185
"99","ID115","FAO",117,10,NA,83,6,NA,89,127,66.2,0.42,NA,NA,58,1,NA,59,2,13,5,NA,18,3.27777777777778,7.05555555555556,11,28,59,3.06896551724138,-1.05780376281454
"100","ID116","FAO",NA,253,423,82,179,252,513,676,NA,52.9,70.42,NA,NA,69,100,169,2,NA,31,49,80,2.1125,8.45,29,65,169,7.77272727272727,8.34971974815725
"101","ID117","FAY",278,62,NA,150,46,NA,196,340,61.8,167.48,NA,NA,88,1,NA,89,2,39,15,NA,54,1.64814814814815,6.2962962962963,14,42,89,4.55813953488372,1.92054427247014
"102","ID118","FAO",NA,NA,15,NA,NA,13,13,15,NA,NA,57.52,NA,NA,NA,5,5,1,NA,NA,6,6,0.833333333333333,2.5,2,4,5,2.6,-1.9957347972973
"103","ID119","FAY",66,77,256,43,54,188,285,399,35.9,14.47,65.91,NA,21,54,91,166,3,8,15,42,65,2.55384615384615,6.13846153846154,21,75,166,3.75,0.304265202702703
"104","ID120","FAO",447,197,NA,263,157,NA,420,644,85.2,96.69,NA,NA,140,102,NA,242,2,32,34,NA,66,3.66666666666667,9.75757575757576,32,107,242,3.88888888888889,0.58204298048048
"105","ID122","FAO",99,NA,NA,30,NA,NA,30,99,0.7,NA,NA,NA,47,NA,NA,47,1,6,NA,NA,6,7.83333333333333,16.5,7,23,47,1.25,-4.6957347972973
"106","ID123","FAO",NA,127,263,NA,68,199,267,390,NA,73.54,81.54,NA,NA,61,140,201,2,NA,23,55,78,2.57692307692308,5,42,112,201,2.36283185840708,-2.47007108048314
"107","ID124","FAO",167,NA,NA,141,NA,NA,141,167,91.7,NA,NA,NA,37,NA,NA,37,1,31,NA,NA,31,1.19354838709677,5.38709677419355,4,18,37,7.42105263157895,7.6463704658606
"108","ID125","FAY",145,NA,NA,127,NA,NA,127,145,122.2,NA,NA,NA,57,NA,NA,57,1,16,NA,NA,16,3.5625,9.0625,6,14,57,8.46666666666667,9.73759853603604
"109","ID126","FAO",90,184,179,70,159,134,363,453,84.7,80.03,31.97,NA,29,63,32,124,3,17,24,54,95,1.30526315789474,4.76842105263158,25,57,124,6.25862068965517,5.32150658201305
"110","ID129","FAO",208,14,NA,151,10,NA,161,222,110.8,127.36,NA,NA,84,1,NA,85,2,35,6,NA,41,2.07317073170732,5.41463414634146,17,48,85,3.28571428571429,-0.624306225868726
"111","ID130","FAO",162,144,184,121,122,141,384,490,96.1,55.32,63.04,NA,90,49,58,197,3,35,18,50,103,1.9126213592233,4.75728155339806,26,85,197,4.46511627906977,1.73449776084224
"112","ID131","FAY",4,NA,NA,4,NA,NA,4,4,98.9,NA,NA,NA,0,NA,NA,0,1,1,NA,NA,1,0,4,0,0,0,4,0.804265202702703
"113","ID132","FAY",29,NA,10,29,NA,10,39,39,6.2,NA,0.67,NA,8,NA,0,8,2,2,NA,1,3,2.66666666666667,13,0,3,8,9.75,12.3042652027027
"114","ID133","FAO",10,467,NA,10,396,NA,406,477,2,117.55,NA,NA,0,161,NA,161,2,3,26,NA,29,5.55172413793104,16.448275862069,32,85,161,4.72093023255814,2.24612566781898
"115","ID135","JUV",3,NA,NA,2,NA,NA,2,3,0.1,NA,NA,NA,0,NA,NA,0,1,1,NA,NA,1,0,3,0,0,0,2,-3.1957347972973
"116","ID136","JUV",41,NA,NA,38,NA,NA,38,41,8.6,NA,NA,NA,23,NA,NA,23,1,6,NA,NA,6,3.83333333333333,6.83333333333333,4,10,23,3.45454545454545,-0.286643888206388
"117","ID137","JUV",82,NA,NA,75,NA,NA,75,82,52,NA,NA,NA,32,NA,NA,32,1,12,NA,NA,12,2.66666666666667,6.83333333333333,4,14,32,5,2.8042652027027
"118","ID138","JUV",89,NA,NA,68,NA,NA,68,89,34.9,NA,NA,NA,2,NA,NA,2,1,8,NA,NA,8,0.25,11.125,0,1,2,34,60.8042652027027
"119","ID139","JUV",185,NA,NA,149,NA,NA,149,185,60.3,NA,NA,NA,37,NA,NA,37,1,13,NA,NA,13,2.84615384615385,14.2307692307692,7,18,37,7.8421052631579,8.48847572901849
"120","ID140","JUV",91,NA,NA,72,NA,NA,72,91,55.6,NA,NA,NA,37,NA,NA,37,1,17,NA,NA,17,2.17647058823529,5.35294117647059,9,17,37,4,0.804265202702703
"121","ID142","JUV",60,NA,NA,51,NA,NA,51,60,52.8,NA,NA,NA,64,NA,NA,64,1,10,NA,NA,10,6.4,6,12,31,64,1.59375,-4.0082347972973
"122","ID143","FAO",11,313,140,6,242,117,365,464,0.6,126.86,133.29,NA,1,33,18,52,3,3,23,36,62,0.838709677419355,7.48387096774194,9,25,52,14.0384615384615,20.8811882796258
"123","ID144","FAO",NA,NA,19,NA,NA,17,17,19,NA,NA,75.13,NA,NA,NA,18,18,1,NA,NA,8,8,2.25,2.375,6,10,18,1.54545454545455,-4.10482570638821
"124","ID145","JUV",196,NA,NA,121,NA,NA,121,196,38.7,NA,NA,NA,75,NA,NA,75,1,18,NA,NA,18,4.16666666666667,10.8888888888889,14,34,75,3.45714285714286,-0.281449083011583
"125","ID146","JUV",293,NA,NA,186,NA,NA,186,293,94.9,NA,NA,NA,67,NA,NA,67,1,16,NA,NA,16,4.1875,18.3125,14,31,67,5.8125,4.4292652027027
"126","ID147","JUV",15,NA,NA,11,NA,NA,11,15,0.2,NA,NA,NA,4,NA,NA,4,1,4,NA,NA,4,1,3.75,1,2,4,3.66666666666667,0.137598536036036
"127","ID148","JUV",34,NA,NA,27,NA,NA,27,34,1,NA,NA,NA,33,NA,NA,33,1,7,NA,NA,7,4.71428571428571,4.85714285714286,6,20,33,1.28571428571429,-4.62430622586873
"128","ID149","JUV",37,NA,NA,28,NA,NA,28,37,11.4,NA,NA,NA,33,NA,NA,33,1,14,NA,NA,14,2.35714285714286,2.64285714285714,10,17,33,1.55555555555556,-4.08462368618619
"129","ID150","JUV",112,NA,NA,95,NA,NA,95,112,33.4,NA,NA,NA,9,NA,NA,9,1,13,NA,NA,13,0.692307692307692,8.61538461538462,2,7,9,11.875,16.5542652027027
"130","ID151","JUV",120,NA,NA,94,NA,NA,94,120,111.3,NA,NA,NA,51,NA,NA,51,1,8,NA,NA,8,6.375,15,8,24,51,3.76,0.324265202702702
"131","ID152","JUV",107,NA,NA,77,NA,NA,77,107,69.5,NA,NA,NA,49,NA,NA,49,1,13,NA,NA,13,3.76923076923077,8.23076923076923,5,22,49,3.34782608695652,-0.500082623384253
"132","ID153","JUV",86,NA,NA,74,NA,NA,74,86,51.3,NA,NA,NA,28,NA,NA,28,1,14,NA,NA,14,2,6.14285714285714,4,15,28,4.625,2.0542652027027
"133","ID154","JUV",172,NA,NA,37,NA,NA,37,172,143,NA,NA,NA,19,NA,NA,19,1,4,NA,NA,4,4.75,43,1,10,19,3.36363636363636,-0.46846207002457
"134","ID155","JUV",126,NA,NA,112,NA,NA,112,126,95.3,NA,NA,NA,55,NA,NA,55,1,18,NA,NA,18,3.05555555555556,7,11,26,55,4.14814814814815,1.100561498999
"135","ID156","FAO",371,NA,NA,125,NA,NA,125,371,196.4,NA,NA,NA,0,NA,NA,0,1,26,NA,NA,26,0,14.2692307692308,0,0,0,125,242.804265202703
"136","ID157","FAY",NA,33,96,NA,19,81,100,129,NA,0.68,74.95,NA,NA,9,47,56,2,NA,7,41,48,1.16666666666667,2.6875,13,30,56,3.2258064516129,-0.744121894071491
"137","ID158","FAO",13,164,NA,7,47,NA,54,177,0.3,0.47,NA,NA,2,88,NA,90,2,2,16,NA,18,5,9.83333333333333,19,41,90,1.28571428571429,-4.62430622586873
"138","ID160","JUV",75,NA,NA,65,NA,NA,65,75,83.9,NA,NA,NA,46,NA,NA,46,1,9,NA,NA,9,5.11111111111111,8.33333333333333,11,24,46,2.6,-1.9957347972973
"139","ID161","JUV",28,NA,NA,21,NA,NA,21,28,33.3,NA,NA,NA,10,NA,NA,10,1,9,NA,NA,9,1.11111111111111,3.11111111111111,2,5,10,3.5,-0.195734797297297
"140","ID162","JUV",24,NA,NA,21,NA,NA,21,24,139.5,NA,NA,NA,5,NA,NA,5,1,6,NA,NA,6,0.833333333333333,4,1,1,5,10.5,13.8042652027027
"141","ID164","JUV",54,NA,NA,49,NA,NA,49,54,110.7,NA,NA,NA,17,NA,NA,17,1,10,NA,NA,10,1.7,5.4,3,10,17,4.45454545454545,1.71335611179361
"142","ID165","JUV",67,NA,NA,54,NA,NA,54,67,126.7,NA,NA,NA,8,NA,NA,8,1,7,NA,NA,7,1.14285714285714,9.57142857142857,1,3,8,13.5,19.8042652027027
"143","ID166","FAY",NA,129,NA,NA,114,NA,114,129,NA,33.68,NA,NA,NA,136,NA,136,1,NA,13,NA,13,10.4615384615385,9.92307692307692,18,60,136,1.86885245901639,-3.45802987926451
"144","ID168","JUV",24,NA,NA,23,NA,NA,23,24,93.5,NA,NA,NA,0,NA,NA,0,1,3,NA,NA,3,0,8,0,0,0,23,38.8042652027027
"145","ID169","JUV",54,NA,NA,37,NA,NA,37,54,74.3,NA,NA,NA,16,NA,NA,16,1,8,NA,NA,8,2,6.75,2,6,16,5.28571428571429,3.37569377413127
"146","ID170","JUV",15,NA,NA,14,NA,NA,14,15,141.4,NA,NA,NA,7,NA,NA,7,1,2,NA,NA,2,3.5,7.5,2,5,7,2.33333333333333,-2.52906813063063
"147","ID171","FAY",NA,73,27,NA,38,20,58,100,NA,16.68,0.79,NA,NA,21,28,49,2,NA,11,11,22,2.22727272727273,4.54545454545455,6,19,49,2.9,-1.3957347972973
"148","ID173","FAY",NA,4,4,NA,4,4,8,8,NA,0.98,0.05,NA,NA,51,0,51,2,NA,1,1,2,25.5,4,11,24,51,0.32,-6.5557347972973
"149","ID174","FAY",NA,143,NA,NA,92,NA,92,143,NA,37.62,NA,NA,NA,124,NA,124,1,NA,11,NA,11,11.2727272727273,13,23,57,124,1.58620689655172,-4.02332100419385
"150","ID175","FAY",NA,121,57,NA,107,50,157,178,NA,65.98,1.27,NA,NA,30,33,63,2,NA,6,6,12,5.25,14.8333333333333,6,26,63,5.81481481481482,4.43389483233233
"151","ID176","JUV",26,NA,NA,14,NA,NA,14,26,0.8,NA,NA,NA,1,NA,NA,1,1,4,NA,NA,4,0.25,6.5,0,0,1,14,20.8042652027027
"152","ID177","JUV",231,NA,NA,190,NA,NA,190,231,57.6,NA,NA,NA,15,NA,NA,15,1,12,NA,NA,12,1.25,19.25,2,8,15,21.1111111111111,35.0264874249249
"153","ID178","JUV",4,NA,NA,3,NA,NA,3,4,0.5,NA,NA,NA,15,NA,NA,15,1,1,NA,NA,1,15,4,4,9,15,0.3,-6.5957347972973
"154","ID179","JUV",47,NA,NA,44,NA,NA,44,47,72.3,NA,NA,NA,42,NA,NA,42,1,9,NA,NA,9,4.66666666666667,5.22222222222222,7,22,42,1.91304347826087,-3.36964784077556
"155","ID182","JUV",7,NA,NA,3,NA,NA,3,7,0,NA,NA,NA,0,NA,NA,0,1,1,NA,NA,1,0,7,0,0,0,3,-1.1957347972973
"156","ID183","FAY",NA,223,144,40,107,91,238,367,NA,10.69,23.89,NA,NA,168,36,204,2,NA,25,26,51,4,7.19607843137255,44,98,204,2.4040404040404,-2.38765398921649
"157","ID184","FAO",NA,NA,113,NA,NA,86,86,113,NA,NA,80.14,NA,NA,NA,41,41,1,NA,NA,46,46,0.891304347826087,2.45652173913043,10,25,41,3.30769230769231,-0.580350181912682
"158","ID186","FAO",NA,104,31,NA,94,25,119,135,NA,50.94,0.97,NA,NA,15,12,27,2,NA,15,10,25,1.08,5.4,7,11,27,9.91666666666667,12.637598536036
"159","ID187","FAO",NA,45,NA,NA,23,NA,23,45,NA,44.5,NA,NA,NA,2,NA,2,1,NA,3,NA,3,0.666666666666667,15,0,1,2,11.5,15.8042652027027
"160","ID188","JUV",1,NA,NA,1,NA,NA,1,1,0,NA,NA,NA,0,NA,NA,0,1,1,NA,NA,1,0,1,0,0,0,1,-5.1957347972973
"161","ID191","JUV",50,NA,NA,45,NA,NA,45,50,21.2,NA,NA,NA,0,NA,NA,0,1,5,NA,NA,5,0,10,0,0,0,45,82.8042652027027
"162","ID192","JUV",16,NA,NA,15,NA,NA,15,16,33.8,NA,NA,NA,6,NA,NA,6,1,2,NA,NA,2,3,8,1,2,6,5,2.8042652027027
"163","ID193","JUV",4,NA,NA,4,NA,NA,4,4,1.2,NA,NA,NA,0,NA,NA,0,1,2,NA,NA,2,0,2,0,0,0,4,0.804265202702703
"164","ID195","FAY",NA,44,10,NA,42,9,51,54,NA,24.01,0.33,NA,NA,14,2,16,2,NA,11,8,19,0.842105263157895,2.84210526315789,4,5,16,8.5,9.8042652027027
"165","ID198","JUV",19,NA,NA,15,NA,NA,15,19,189.8,NA,NA,NA,6,NA,NA,6,1,3,NA,NA,3,2,6.33333333333333,0,1,6,7.5,7.8042652027027
"166","ID199","JUV",21,NA,NA,21,NA,NA,21,21,0.2,NA,NA,NA,0,NA,NA,0,1,4,NA,NA,4,0,5.25,0,0,0,21,34.8042652027027
"167","ID201","FAY",NA,134,44,NA,62,35,97,178,NA,24.81,20.06,NA,NA,25,24,49,2,NA,7,12,19,2.57894736842105,9.36842105263158,5,20,49,4.61904761904762,2.04236044079794
"168","ID202","FAO",1,NA,NA,1,NA,NA,1,1,0,NA,NA,NA,0,NA,NA,0,1,1,NA,NA,1,0,1,0,0,0,1,-5.1957347972973
"169","ID205","FAO",NA,92,191,NA,55,138,193,283,NA,44.33,31.25,NA,NA,55,115,170,2,NA,18,50,68,2.5,4.16176470588235,36,91,170,2.09782608695652,-3.00008262338425
"170","ID206","FAO",NA,360,NA,NA,222,NA,222,360,NA,84.23,NA,NA,NA,383,NA,383,1,NA,31,NA,31,12.3548387096774,11.6129032258065,82,183,383,1.20652173913043,-4.78269131903643
"171","ID208","FAO",NA,NA,828,NA,NA,482,482,828,NA,NA,75.53,NA,NA,NA,110,110,1,NA,NA,51,51,2.15686274509804,16.2352941176471,25,52,110,9.09433962264151,10.9929444479857
"172","ID210","JUV",5,NA,NA,5,NA,NA,5,5,0.4,NA,NA,NA,6,NA,NA,6,1,2,NA,NA,2,3,2.5,0,2,6,1.66666666666667,-3.86240146396396
"173","ID212","FAO",NA,NA,9,NA,NA,7,7,9,NA,NA,0.52,NA,NA,NA,1,1,1,NA,NA,2,2,0.5,4.5,1,1,1,3.5,-0.195734797297297
"174","ID213","FAO",142,NA,NA,21,NA,NA,21,142,7.7,NA,NA,NA,17,NA,NA,17,1,4,NA,NA,4,4.25,35.5,2,5,17,3.5,-0.195734797297297
"175","ID216","FAO",NA,NA,34,NA,NA,29,29,34,NA,NA,13.55,NA,NA,NA,30,30,1,NA,NA,11,11,2.72727272727273,3.09090909090909,5,16,30,1.70588235294118,-3.78397009141494
"176","ID217","FAY",NA,3,243,NA,3,26,29,246,NA,0.02,11.81,NA,NA,0,9,9,2,NA,3,12,15,0.6,16.4,2,5,9,4.83333333333333,2.47093186936937
"177","ID218","FAY",NA,128,100,NA,98,73,171,228,NA,78.84,43.08,NA,NA,74,99,173,2,NA,33,27,60,2.88333333333333,3.8,32,87,173,1.94318181818182,-3.30937116093366
"178","ID219","FAY",NA,5,NA,NA,5,NA,5,5,NA,0.63,NA,NA,NA,8,NA,8,1,NA,2,NA,2,4,2.5,1,4,8,1,-5.1957347972973
"179","ID223","FAO",NA,33,NA,NA,22,NA,22,33,NA,65.62,NA,NA,NA,0,NA,0,1,NA,2,NA,2,0,16.5,0,0,0,22,36.8042652027027
"180","ID225","JUV",19,NA,NA,19,NA,NA,19,19,94.8,NA,NA,NA,0,NA,NA,0,1,1,NA,NA,1,0,19,0,0,0,19,30.8042652027027
"181","ID227","FAY",NA,26,48,NA,25,42,67,74,NA,61.11,47.61,NA,NA,126,14,140,2,NA,5,15,20,7,3.7,21,63,140,1.046875,-5.1019847972973
"182","ID228","FAY",NA,155,NA,NA,150,NA,150,155,NA,101.18,NA,NA,NA,85,NA,85,1,NA,5,NA,5,17,31,19,45,85,3.26086956521739,-0.673995666862515
"183","ID229","FAY",NA,122,51,NA,104,41,145,173,NA,77.74,13.22,NA,NA,104,30,134,2,NA,23,22,45,2.97777777777778,3.84444444444444,23,58,134,2.45762711864407,-2.28048056000916
"184","ID232","FAY",NA,NA,5,NA,NA,3,3,5,NA,NA,0.53,NA,NA,NA,6,6,1,NA,NA,2,2,3,2.5,3,4,6,0.6,-5.9957347972973
"185","ID236","FAO",NA,NA,12,NA,NA,10,10,12,NA,NA,0.09,NA,NA,NA,1,1,1,NA,NA,5,5,0.2,2.4,0,0,1,10,12.8042652027027
"186","ID238","FAY",NA,55,62,NA,53,53,106,117,NA,11.32,22.2,NA,NA,1,32,33,2,NA,8,31,39,0.846153846153846,3,8,18,33,5.57894736842105,3.96215993954481
"187","ID244","FAY",NA,58,21,NA,45,16,61,79,NA,23.47,0.5,NA,NA,4,17,21,2,NA,14,12,26,0.807692307692308,3.03846153846154,3,8,21,6.77777777777778,6.35982075825826
"188","ID246","FAY",NA,10,3,NA,9,2,11,13,NA,0.31,0.02,NA,NA,12,3,15,2,NA,3,2,5,3,2.6,2,7,15,1.375,-4.4457347972973
"189","ID249","FAY",NA,30,94,1,28,80,109,124,NA,112.32,49.1,NA,NA,3,27,30,2,NA,13,38,51,0.588235294117647,2.43137254901961,6,11,30,9.08333333333333,10.9709318693694
"190","ID254","FAY",NA,2,5,NA,2,4,6,7,NA,0.02,1.13,NA,NA,0,1,1,2,NA,1,2,3,0.333333333333333,2.33333333333333,0,1,1,3,-1.1957347972973
"191","ID256","FAY",NA,344,295,NA,309,221,530,639,NA,60.21,55.15,NA,NA,300,84,384,2,NA,25,54,79,4.86075949367089,8.08860759493671,66,158,384,3.33333333333333,-0.52906813063063
"192","ID261","FAY",NA,59,37,NA,56,33,89,96,NA,1.93,25.55,NA,NA,135,21,156,2,NA,4,19,23,6.78260869565217,4.17391304347826,33,64,156,1.36923076923077,-4.45727325883576
"193","ID280","FAO",NA,37,131,NA,33,90,123,168,NA,80.7,44.88,NA,NA,3,52,55,2,NA,9,44,53,1.0377358490566,3.16981132075472,12,35,55,3.41666666666667,-0.362401463963964
"194","ID281","FAY",NA,194,NA,NA,166,NA,166,194,NA,89.46,NA,NA,NA,93,NA,93,1,NA,19,NA,19,4.89473684210526,10.2105263157895,20,47,93,3.45833333333333,-0.27906813063063
"195","ID282","FAO",NA,NA,78,NA,NA,66,66,78,NA,NA,31.09,NA,NA,NA,29,29,1,NA,NA,18,18,1.61111111111111,4.33333333333333,7,14,29,4.4,1.6042652027027
"196","ID291","FAO",NA,124,156,NA,91,126,217,280,NA,111.64,42.35,NA,NA,35,79,114,2,NA,12,27,39,2.92307692307692,7.17948717948718,26,62,114,3.44444444444444,-0.306845908408408
"197","ID292","FAO",NA,307,117,NA,124,82,206,424,NA,154.98,78.79,NA,NA,13,31,44,2,NA,11,42,53,0.830188679245283,8,13,20,44,9.80952380952381,12.4233128217503
"198","ID293","FAY",NA,312,526,NA,207,431,638,838,NA,84.44,51.6,NA,NA,189,157,346,2,NA,16,52,68,5.08823529411765,12.3235294117647,55,158,346,4.0125786163522,0.829422435407106
"199","ID295","FAO",NA,NA,15,NA,NA,15,15,15,NA,NA,121.6,NA,NA,NA,2,2,1,NA,NA,9,9,0.222222222222222,1.66666666666667,0,0,2,15,22.8042652027027
"200","ID296","JUV",NA,37,NA,NA,29,NA,29,37,NA,122.63,NA,NA,NA,10,NA,10,1,NA,3,NA,3,3.33333333333333,12.3333333333333,0,0,10,29,50.8042652027027
"201","ID297","JUV",NA,81,NA,NA,66,NA,66,81,NA,54.12,NA,NA,NA,52,NA,52,1,NA,7,NA,7,7.42857142857143,11.5714285714286,7,20,52,3.14285714285714,-0.910020511583012
"202","ID298","FAO",NA,35,NA,NA,35,NA,35,35,NA,82.19,NA,NA,NA,18,NA,18,1,NA,5,NA,5,3.6,7,3,12,18,2.69230769230769,-1.81111941268191
"203","ID299","FAY",NA,NA,217,NA,NA,186,186,217,NA,NA,59.85,NA,NA,NA,66,66,1,NA,NA,54,54,1.22222222222222,4.01851851851852,17,41,66,4.42857142857143,1.66140805984556
"204","ID301","JUV",NA,226,NA,NA,189,NA,189,226,NA,18.53,NA,NA,NA,44,NA,44,1,NA,11,NA,11,4,20.5454545454545,11,16,44,11.1176470588235,15.0395593203498
"205","ID302","JUV",NA,65,NA,NA,49,NA,49,65,NA,1.33,NA,NA,NA,90,NA,90,1,NA,6,NA,6,15,10.8333333333333,16,38,90,1.25641025641026,-4.68291428447678
"206","ID303","JUV",NA,224,NA,NA,173,NA,173,224,NA,80.21,NA,NA,NA,143,NA,143,1,NA,19,NA,19,7.52631578947368,11.7894736842105,34,66,143,2.58208955223881,-2.03155569281969
"207","ID304","JUV",NA,8,NA,NA,6,NA,6,8,NA,2.8,NA,NA,NA,6,NA,6,1,NA,2,NA,2,3,4,1,3,6,1.5,-4.1957347972973
"208","ID305","JUV",NA,107,NA,NA,63,NA,63,107,NA,31.18,NA,NA,NA,113,NA,113,1,NA,13,NA,13,8.69230769230769,8.23076923076923,20,58,113,1.06779661016949,-5.06014157695831
"209","ID306","JUV",NA,247,NA,NA,148,NA,148,247,NA,119.22,NA,NA,NA,11,NA,11,1,NA,8,NA,8,1.375,30.875,0,3,11,37,66.8042652027027
"210","ID307","FAO",NA,3,122,NA,3,104,107,125,NA,28.75,63.79,NA,NA,0,19,19,2,NA,1,31,32,0.59375,3.90625,2,5,19,17.8333333333333,28.4709318693694
"211","ID308","JUV",NA,227,NA,NA,160,NA,160,227,NA,110.78,NA,NA,NA,178,NA,178,1,NA,14,NA,14,12.7142857142857,16.2142857142857,36,77,178,2.05128205128205,-3.0931706947332
"212","ID309","JUV",NA,163,NA,NA,131,NA,131,163,NA,34.4,NA,NA,NA,84,NA,84,1,NA,14,NA,14,6,11.6428571428571,18,41,84,3.11904761904762,-0.957639559202059
"213","ID310","JUV",NA,160,NA,NA,98,NA,98,160,NA,122.75,NA,NA,NA,81,NA,81,1,NA,7,NA,7,11.5714285714286,22.8571428571429,7,23,81,4.08333333333333,0.970931869369369
"214","ID312","FAY",NA,NA,227,NA,NA,174,174,227,NA,NA,8.21,NA,NA,NA,108,108,1,NA,NA,41,41,2.63414634146341,5.53658536585366,15,56,108,3.05263157894737,-1.09047163940256
"215","ID313","JUV",NA,49,NA,NA,29,NA,29,49,NA,119.54,NA,NA,NA,60,NA,60,1,NA,4,NA,4,15,12.25,9,32,60,0.878787878787879,-5.43815903972154
"216","ID314","JUV",NA,390,NA,NA,203,NA,203,390,NA,77.47,NA,NA,NA,356,NA,356,1,NA,14,NA,14,25.4285714285714,27.8571428571429,60,168,356,1.20118343195266,-4.79336793339197
"217","ID315","JUV",NA,68,NA,NA,53,NA,53,68,NA,134.98,NA,NA,NA,10,NA,10,1,NA,4,NA,4,2.5,17,3,6,10,7.57142857142857,7.94712234555985
"218","ID316","JUV",NA,319,NA,NA,196,NA,196,319,NA,62.26,NA,NA,NA,123,NA,123,1,NA,16,NA,16,7.6875,19.9375,16,45,123,4.26086956521739,1.32600433313749
"219","ID317","JUV",NA,193,NA,NA,135,NA,135,193,NA,103.22,NA,NA,NA,76,NA,76,1,NA,12,NA,12,6.33333333333333,16.0833333333333,10,32,76,4.09090909090909,0.986083384520884
"220","ID318","JUV",NA,191,NA,NA,155,NA,155,191,NA,95.95,NA,NA,NA,180,NA,180,1,NA,15,NA,15,12,12.7333333333333,34,82,180,1.86746987951807,-3.46079503826115
"221","ID319","JUV",NA,1046,NA,NA,828,NA,828,1046,NA,100.53,NA,NA,NA,563,NA,563,1,NA,17,NA,17,33.1176470588235,61.5294117647059,101,272,563,3.03296703296703,-1.12980073136323
"222","ID320","JUV",NA,27,NA,NA,24,NA,24,27,NA,3.63,NA,NA,NA,63,NA,63,1,NA,1,NA,1,63,27,9,30,63,0.774193548387097,-5.6473477005231
"223","ID321","JUV",NA,59,NA,NA,49,NA,49,59,NA,25.36,NA,NA,NA,24,NA,24,1,NA,11,NA,11,2.18181818181818,5.36363636363636,3,11,24,4.08333333333333,0.970931869369369
"224","ID322","JUV",NA,80,NA,NA,64,NA,64,80,NA,24.37,NA,NA,NA,60,NA,60,1,NA,9,NA,9,6.66666666666667,8.88888888888889,21,31,60,2,-3.1957347972973
"225","ID323","JUV",NA,56,NA,NA,49,NA,49,56,NA,52.04,NA,NA,NA,53,NA,53,1,NA,7,NA,7,7.57142857142857,8,9,29,53,1.63333333333333,-3.92906813063063
"226","ID324","JUV",NA,54,NA,NA,54,NA,54,54,NA,44.82,NA,NA,NA,1,NA,1,1,NA,2,NA,2,0.5,27,0,0,1,54,100.804265202703
"227","ID325","JUV",NA,55,NA,NA,36,NA,36,55,NA,2.38,NA,NA,NA,75,NA,75,1,NA,6,NA,6,12.5,9.16666666666667,13,31,75,1.125,-4.9457347972973
"228","ID326","JUV",NA,122,NA,NA,111,NA,111,122,NA,14.2,NA,NA,NA,280,NA,280,1,NA,8,NA,8,35,15.25,45,111,280,0.991071428571429,-5.21359194015444
"229","ID327","JUV",NA,146,NA,NA,105,NA,105,146,NA,62.78,NA,NA,NA,181,NA,181,1,NA,11,NA,11,16.4545454545455,13.2727272727273,45,84,181,1.23529411764706,-4.72514656200318
"230","ID328","JUV",NA,37,NA,NA,16,NA,16,37,NA,0.3,NA,NA,NA,11,NA,11,1,NA,4,NA,4,2.75,9.25,1,7,11,2,-3.1957347972973
"231","ID329","JUV",NA,189,NA,NA,111,NA,111,189,NA,136.1,NA,NA,NA,178,NA,178,1,NA,5,NA,5,35.6,37.8,29,79,178,1.3875,-4.4207347972973
"232","ID330","JUV",NA,833,NA,NA,141,NA,141,833,NA,72.86,NA,NA,NA,122,NA,122,1,NA,10,NA,10,12.2,83.3,18,53,122,2.61111111111111,-1.97351257507508
"233","ID331","JUV",NA,146,NA,NA,132,NA,132,146,NA,100.02,NA,NA,NA,34,NA,34,1,NA,10,NA,10,3.4,14.6,5,13,34,9.42857142857143,11.6614080598456
"234","ID332","FAO",NA,16,NA,NA,4,NA,4,16,NA,0.07,NA,NA,NA,0,NA,0,1,NA,3,NA,3,0,5.33333333333333,0,0,0,4,0.804265202702703
"235","ID333","JUV",NA,39,NA,NA,36,NA,36,39,NA,43.8,NA,NA,NA,25,NA,25,1,NA,6,NA,6,4.16666666666667,6.5,2,10,25,3.27272727272727,-0.650280251842752
"236","ID334","FAY",NA,NA,79,NA,NA,70,70,79,NA,NA,1.38,NA,NA,NA,54,54,1,NA,NA,26,26,2.07692307692308,3.03846153846154,9,29,54,2.33333333333333,-2.52906813063063
"237","ID335","JUV",NA,44,NA,NA,20,NA,20,44,NA,1.4,NA,NA,NA,42,NA,42,1,NA,6,NA,6,7,7.33333333333333,6,15,42,1.25,-4.6957347972973
"238","ID336","JUV",NA,296,NA,NA,196,NA,196,296,NA,45.58,NA,NA,NA,319,NA,319,1,NA,13,NA,13,24.5384615384615,22.7692307692308,48,147,319,1.32432432432432,-4.54708614864865
"239","ID337","JUV",NA,1,NA,NA,1,NA,1,1,NA,0.02,NA,NA,NA,1,NA,1,1,NA,1,NA,1,1,1,0,1,1,0.5,-6.1957347972973
"240","ID338","FAO",NA,6,NA,NA,6,NA,6,6,NA,5.38,NA,NA,NA,0,NA,0,1,NA,1,NA,1,0,6,0,0,0,6,4.8042652027027
"241","ID339","JUV",NA,45,NA,NA,17,NA,17,45,NA,7.17,NA,NA,NA,49,NA,49,1,NA,2,NA,2,24.5,22.5,5,19,49,0.85,-5.4957347972973
"242","ID340","JUV",NA,35,NA,NA,22,NA,22,35,NA,3.22,NA,NA,NA,80,NA,80,1,NA,3,NA,3,26.6666666666667,11.6666666666667,16,32,80,0.666666666666667,-5.86240146396396
"243","ID341","JUV",NA,68,NA,NA,43,NA,43,68,NA,1.4,NA,NA,NA,52,NA,52,1,NA,7,NA,7,7.42857142857143,9.71428571428571,7,20,52,2.04761904761905,-3.1004967020592
"244","ID343","JUV",NA,14,NA,NA,14,NA,14,14,NA,10.51,NA,NA,NA,7,NA,7,1,NA,2,NA,2,3.5,7,1,3,7,3.5,-0.195734797297297
"245","ID345","JUV",NA,113,NA,NA,33,NA,33,113,NA,1.32,NA,NA,NA,78,NA,78,1,NA,5,NA,5,15.6,22.6,19,39,78,0.825,-5.5457347972973
"246","ID346","JUV",NA,1,NA,NA,1,NA,1,1,NA,0.02,NA,NA,NA,0,NA,0,1,NA,1,NA,1,0,1,0,0,0,1,-5.1957347972973
"247","ID349","JUV",NA,231,NA,NA,205,NA,205,231,NA,26.88,NA,NA,NA,542,NA,542,1,NA,10,NA,10,54.2,23.1,82,240,542,0.850622406639004,-5.49448998401929
"248","ID350","JUV",NA,58,NA,NA,54,NA,54,58,NA,2.21,NA,NA,NA,254,NA,254,1,NA,6,NA,6,42.3333333333333,9.66666666666667,45,105,254,0.509433962264151,-6.176866872769
"249","ID352","JUV",NA,15,NA,NA,10,NA,10,15,NA,0.13,NA,NA,NA,15,NA,15,1,NA,7,NA,7,2.14285714285714,2.14285714285714,3,8,15,1.11111111111111,-4.97351257507508
"250","ID356","JUV",NA,71,NA,NA,60,NA,60,71,NA,173.12,NA,NA,NA,12,NA,12,1,NA,8,NA,8,1.5,8.875,1,5,12,10,12.8042652027027
"251","ID359","JUV",NA,28,NA,NA,26,NA,26,28,NA,9.88,NA,NA,NA,59,NA,59,1,NA,1,NA,1,59,28,17,31,59,0.8125,-5.5707347972973
"252","ID360","JUV",NA,1,NA,NA,1,NA,1,1,NA,0.02,NA,NA,NA,6,NA,6,1,NA,1,NA,1,6,1,0,3,6,0.25,-6.6957347972973
"253","ID361","JUV",NA,6,NA,NA,6,NA,6,6,NA,2.23,NA,NA,NA,24,NA,24,1,NA,1,NA,1,24,6,10,16,24,0.352941176470588,-6.48985244435612
"254","ID365","FAY",NA,NA,163,NA,NA,141,141,163,NA,NA,78.73,NA,NA,NA,54,54,1,NA,NA,39,39,1.38461538461538,4.17948717948718,10,25,54,5.42307692307692,3.65041904885655
"255","ID367","FAO",NA,NA,40,NA,NA,28,28,40,NA,NA,3.11,NA,NA,NA,76,76,1,NA,NA,14,14,5.42857142857143,2.85714285714286,9,29,76,0.933333333333333,-5.32906813063063
"256","ID370","FAO",NA,47,24,NA,45,19,64,71,NA,9.68,0.96,NA,NA,0,34,34,2,NA,2,5,7,4.85714285714286,10.1428571428571,6,14,34,4.26666666666667,1.33759853603604
"257","ID374","FAO",NA,NA,49,NA,NA,34,34,49,NA,NA,60.06,NA,NA,NA,8,8,1,NA,NA,11,11,0.727272727272727,4.45454545454545,1,2,8,11.3333333333333,15.4709318693694
"258","ID375","JUV",NA,20,NA,NA,15,NA,15,20,NA,3.97,NA,NA,NA,32,NA,32,1,NA,4,NA,4,8,5,7,16,32,0.882352941176471,-5.43102891494436
"259","ID378","JUV",NA,50,NA,NA,36,NA,36,50,NA,45.13,NA,NA,NA,37,NA,37,1,NA,7,NA,7,5.28571428571429,7.14285714285714,6,18,37,1.89473684210526,-3.40626111308677
